days;year;no_crack;0.2_10
7;0.019178082;3.321509191;15.5
14;0.038356164;5.095936795;16.2
21;0.057534247;7.027840482;16.6
