days;year;no_crack;0.2_10
7;0.019178082;7.924882629;16.3
14;0.038356164;12.44131455;18
21;0.057534247;16.68544601;24.9
