weeks;year;no_crack;0.5_10
8;0.157303371;3.43;6.95
12;0.235955056;6.57;9.05
16;0.314606742;8.13;10.95
20;0.393258427;9.03;12.63
28;0.550561798;9.25;13.68
