weeks;year;no_crack;0.5_10
8;0.153424658;2.43;2.53
12;0.230136986;2.43;4.11
16;0.306849315;2.43;5.68
20;0.383561644;2.87;6.63
28;0.536986301;3.21;7.68
